{"TSLA": {"currentPrice": 178.0344, "regularMarketVolume": 35993686, "regularMarketChangePercent": -0.6234271333790914}, "MSFT": {"currentPrice": 419.305, "regularMarketVolume": 6790755, "regularMarketChangePercent": 0.2802916933893933}, "AMZN": {"currentPrice": 184.34, "regularMarketVolume": 13412977, "regularMarketChangePercent": 0.07624026575179152}, "BTC-USD": {"currentPrice": null, "regularMarketVolume": 30345906176, "regularMarketChangePercent": 0.0}, "BP": {"currentPrice": 37.3, "regularMarketVolume": 2096925, "regularMarketChangePercent": 0.4850444624090534}, "AAPL": {"currentPrice": 189.545, "regularMarketVolume": 14746463, "regularMarketChangePercent": -0.24230931310577747}, "ABT": {"currentPrice": 104.182, "regularMarketVolume": 1235115, "regularMarketChangePercent": -0.43863831410318294}, "ACN": {"currentPrice": 301.93, "regularMarketVolume": 1566260, "regularMarketChangePercent": 0.564935064935068}, "ADBE": {"currentPrice": 483.055, "regularMarketVolume": 707407, "regularMarketChangePercent": 0.0248508946322077}, "ASML": {"currentPrice": 925.87, "regularMarketVolume": 302362, "regularMarketChangePercent": 0.17128129282032817}, "AVGO": {"currentPrice": 1399.38, "regularMarketVolume": 578737, "regularMarketChangePercent": 0.3030882425838961}, "CMCSA": {"currentPrice": 39.175, "regularMarketVolume": 3687706, "regularMarketChangePercent": -0.17780035560071192}, "COST": {"currentPrice": 792.58, "regularMarketVolume": 446053, "regularMarketChangePercent": 0.0680898281362255}, "CSCO": {"currentPrice": 48.185, "regularMarketVolume": 7647489, "regularMarketChangePercent": -0.1861812163839541}, "CVX": {"currentPrice": 161.94, "regularMarketVolume": 1476954, "regularMarketChangePercent": 0.40970885840213334}, "DIS": {"currentPrice": 103.1, "regularMarketVolume": 2610478, "regularMarketChangePercent": 0.2515236528973502}, "META": {"currentPrice": 470.345, "regularMarketVolume": 4719659, "regularMarketChangePercent": -0.5578682670160479}, "GOOGL": {"currentPrice": 175.48, "regularMarketVolume": 8594281, "regularMarketChangePercent": 0.11482374555057333}, "HD": {"currentPrice": 341.07, "regularMarketVolume": 630376, "regularMarketChangePercent": 0.5923029790213791}, "JNJ": {"currentPrice": 153.92, "regularMarketVolume": 1645133, "regularMarketChangePercent": 0.37593984962406823}, "JPM": {"currentPrice": 204.441, "regularMarketVolume": 3094678, "regularMarketChangePercent": 0.6618264434237188}, "KO": {"currentPrice": 63.16, "regularMarketVolume": 3056378, "regularMarketChangePercent": 0.03158559696778763}, "MA": {"currentPrice": 460.25, "regularMarketVolume": 636828, "regularMarketChangePercent": 0.34432410050776563}, "NKE": {"currentPrice": 92.17, "regularMarketVolume": 3322458, "regularMarketChangePercent": 0.26152337365153006}, "NVDA": {"currentPrice": 933.2199, "regularMarketVolume": 14813896, "regularMarketChangePercent": 0.1430706132960314}, "PEP": {"currentPrice": 182.68, "regularMarketVolume": 1514010, "regularMarketChangePercent": -0.2839823057178801}, "PFE": {"currentPrice": 28.56, "regularMarketVolume": 8169804, "regularMarketChangePercent": -0.08644536652836145}, "PRDSY": {"currentPrice": 15.55, "regularMarketVolume": 2036, "regularMarketChangePercent": -1.9111504872800884}, "SHEL": {"currentPrice": 71.535, "regularMarketVolume": 2273230, "regularMarketChangePercent": -0.4739336492890845}, "SSNLF": {"currentPrice": 40.5999, "regularMarketVolume": 3616, "regularMarketChangePercent": -29.69714285714286}, "TM": {"currentPrice": 219.7256, "regularMarketVolume": 88595, "regularMarketChangePercent": 1.994156657236939}, "V": {"currentPrice": 279.985, "regularMarketVolume": 1798712, "regularMarketChangePercent": 0.07504288164666824}, "VZ": {"currentPrice": 40.18, "regularMarketVolume": 3212357, "regularMarketChangePercent": 0.3478260869565231}, "WMT": {"currentPrice": 64.345, "regularMarketVolume": 9638778, "regularMarketChangePercent": 0.359318856428667}, "XOM": {"currentPrice": 118.805, "regularMarketVolume": 4841826, "regularMarketChangePercent": 0.3648086875371109}, "UNH": {"currentPrice": 522.0932, "regularMarketVolume": 898516, "regularMarketChangePercent": 0.32037140061773606}, "BAC": {"currentPrice": 39.215, "regularMarketVolume": 9021247, "regularMarketChangePercent": 0.5864354920958795}}