{"AAPL": {"currentPrice": 225.55999755859375, "regularMarketVolume": 13136465.0, "regularMarketChangePercent": -0.8963130449100475}, "ABT": {"currentPrice": 111.58000183105469, "regularMarketVolume": 769135.0, "regularMarketChangePercent": -0.18785140240882486}, "ACN": {"currentPrice": 331.0799865722656, "regularMarketVolume": 468632.0, "regularMarketChangePercent": -0.8416029090090146}, "ADBE": {"currentPrice": 560.5599975585938, "regularMarketVolume": 471044.0, "regularMarketChangePercent": -1.1480081262529094}, "AMZN": {"currentPrice": 177.47500610351562, "regularMarketVolume": 9746378.0, "regularMarketChangePercent": -2.131893637724324}, "ASML": {"currentPrice": 921.3499755859375, "regularMarketVolume": 404600.0, "regularMarketChangePercent": -2.295866851968452}, "AVGO": {"currentPrice": 165.77999877929688, "regularMarketVolume": 10904491.0, "regularMarketChangePercent": -2.9788707692065897}, "BAC": {"currentPrice": 38.90999984741211, "regularMarketVolume": 8436327.0, "regularMarketChangePercent": 0.335227107290774}, "BP": {"currentPrice": 33.459999084472656, "regularMarketVolume": 1742962.0, "regularMarketChangePercent": 0.05980998380692886}, "CMCSA": {"currentPrice": 39.599998474121094, "regularMarketVolume": 2492555.0, "regularMarketChangePercent": -1.222254119735059}, "COST": {"currentPrice": 879.260009765625, "regularMarketVolume": 279536.0, "regularMarketChangePercent": -0.3495217733083459}, "CSCO": {"currentPrice": 50.45500183105469, "regularMarketVolume": 5358313.0, "regularMarketChangePercent": -0.5420810440825758}, "CVX": {"currentPrice": 146.08999633789062, "regularMarketVolume": 1462131.0, "regularMarketChangePercent": 0.5091091869978956}, "DIS": {"currentPrice": 90.24140167236328, "regularMarketVolume": 2790494.0, "regularMarketChangePercent": -0.8227236058704499}, "GOOGL": {"currentPrice": 165.10000610351562, "regularMarketVolume": 5245240.0, "regularMarketChangePercent": -1.2913957158070057}, "HD": {"currentPrice": 369.114990234375, "regularMarketVolume": 746387.0, "regularMarketChangePercent": -0.6419945533310901}, "JNJ": {"currentPrice": 161.33030700683594, "regularMarketVolume": 1062475.0, "regularMarketChangePercent": -0.4133907365210262}, "JPM": {"currentPrice": 215.90199279785156, "regularMarketVolume": 1409101.0, "regularMarketChangePercent": 0.6160830252195255}, "KO": {"currentPrice": 69.4000015258789, "regularMarketVolume": 3137317.0, "regularMarketChangePercent": -0.7437023121910789}, "MA": {"currentPrice": 469.20001220703125, "regularMarketVolume": 442267.0, "regularMarketChangePercent": -0.061764474935661465}, "META": {"currentPrice": 534.9099731445312, "regularMarketVolume": 6705655.0, "regularMarketChangePercent": -0.36786957824654937}, "MSFT": {"currentPrice": 418.5799865722656, "regularMarketVolume": 4772968.0, "regularMarketChangePercent": -1.3620508480573197}, "NKE": {"currentPrice": 84.13999938964844, "regularMarketVolume": 2580668.0, "regularMarketChangePercent": -0.367078235400934}, "NVDA": {"currentPrice": 126.3292007446289, "regularMarketVolume": 137084312.0, "regularMarketChangePercent": -2.8461109508655955}, "PEP": {"currentPrice": 175.4250030517578, "regularMarketVolume": 816140.0, "regularMarketChangePercent": -0.2303354234654538}, "PFE": {"currentPrice": 28.774999618530273, "regularMarketVolume": 5345200.0, "regularMarketChangePercent": -0.8442482266324491}, "PRDSY": {"currentPrice": 14.25, "regularMarketVolume": 230.0, "regularMarketChangePercent": 0.0}, "SHEL": {"currentPrice": 71.35299682617188, "regularMarketVolume": 818183.0, "regularMarketChangePercent": 0.31350988523086243}, "SSNLF": {"currentPrice": NaN, "regularMarketVolume": NaN, "regularMarketChangePercent": NaN}, "TM": {"currentPrice": 182.74000549316406, "regularMarketVolume": 60271.0, "regularMarketChangePercent": -0.34356200076289783}, "TSLA": {"currentPrice": 217.5, "regularMarketVolume": 33741445.0, "regularMarketChangePercent": -2.8193546434143473}, "UNH": {"currentPrice": 573.02001953125, "regularMarketVolume": 667343.0, "regularMarketChangePercent": -1.0755253290893396}, "V": {"currentPrice": 267.3399963378906, "regularMarketVolume": 967261.0, "regularMarketChangePercent": -0.594930500851846}, "VZ": {"currentPrice": 40.739898681640625, "regularMarketVolume": 4562889.0, "regularMarketChangePercent": -0.876155245376002}, "WMT": {"currentPrice": 75.73999786376953, "regularMarketVolume": 4658218.0, "regularMarketChangePercent": 0.49090500690512306}, "XOM": {"currentPrice": 114.63999938964844, "regularMarketVolume": 2723888.0, "regularMarketChangePercent": 0.7558451569504201}}