{"AAPL": {"currentPrice": 225.35279846191406, "regularMarketVolume": 37328290.0, "regularMarketChangePercent": 1.6705638021172162}, "ABT": {"currentPrice": 103.3135986328125, "regularMarketVolume": 1567180.0, "regularMarketChangePercent": 1.258061225985316}, "ACN": {"currentPrice": 300.0400085449219, "regularMarketVolume": 1660563.0, "regularMarketChangePercent": -1.597190993636358}, "ADBE": {"currentPrice": 578.0, "regularMarketVolume": 1534200.0, "regularMarketChangePercent": 1.241881765774276}, "AMZN": {"currentPrice": 199.80999755859375, "regularMarketVolume": 24970438.0, "regularMarketChangePercent": 0.6498051875731109}, "ASML": {"currentPrice": 1079.2449951171875, "regularMarketVolume": 496612.0, "regularMarketChangePercent": -0.06990785951967593}, "AVGO": {"currentPrice": 1706.3299560546875, "regularMarketVolume": 2963713.0, "regularMarketChangePercent": -2.6672909364206463}, "BAC": {"currentPrice": 40.415000915527344, "regularMarketVolume": 11215247.0, "regularMarketChangePercent": -1.2582442848975828}, "BP": {"currentPrice": 36.900001525878906, "regularMarketVolume": 3130472.0, "regularMarketChangePercent": -1.310505139791976}, "CMCSA": {"currentPrice": 37.82500076293945, "regularMarketVolume": 4392512.0, "regularMarketChangePercent": -0.3818816252357939}, "COST": {"currentPrice": 884.5499877929688, "regularMarketVolume": 1030924.0, "regularMarketChangePercent": 2.3121576629527345}, "CSCO": {"currentPrice": 46.57500076293945, "regularMarketVolume": 5205976.0, "regularMarketChangePercent": 0.3122990670054076}, "CVX": {"currentPrice": 153.80999755859375, "regularMarketVolume": 3055451.0, "regularMarketChangePercent": -1.75024301485205}, "DIS": {"currentPrice": 97.91999816894531, "regularMarketVolume": 3994599.0, "regularMarketChangePercent": -0.39164044050178215}, "GOOGL": {"currentPrice": 190.55999755859375, "regularMarketVolume": 12209336.0, "regularMarketChangePercent": 2.531544450896632}, "HD": {"currentPrice": 334.70001220703125, "regularMarketVolume": 1222047.0, "regularMarketChangePercent": 0.5981247341716258}, "JNJ": {"currentPrice": 145.9600067138672, "regularMarketVolume": 2466248.0, "regularMarketChangePercent": 0.1303439911074665}, "JPM": {"currentPrice": 205.0399932861328, "regularMarketVolume": 4275310.0, "regularMarketChangePercent": -0.9420803687527077}, "KO": {"currentPrice": 63.27180099487305, "regularMarketVolume": 3790595.0, "regularMarketChangePercent": -0.09190089136094275}, "MA": {"currentPrice": 449.1300048828125, "regularMarketVolume": 999865.0, "regularMarketChangePercent": 0.4517947702871496}, "META": {"currentPrice": 533.9099731445312, "regularMarketVolume": 13518869.0, "regularMarketChangePercent": 4.27929162979126}, "MSFT": {"currentPrice": 467.3699951171875, "regularMarketVolume": 8873273.0, "regularMarketChangePercent": 1.6773248474204097}, "NKE": {"currentPrice": 75.1050033569336, "regularMarketVolume": 13545692.0, "regularMarketChangePercent": -0.3383721488225969}, "NVDA": {"currentPrice": 127.66000366210938, "regularMarketVolume": 150587586.0, "regularMarketChangePercent": 0.2355551588568608}, "PEP": {"currentPrice": 164.02000427246094, "regularMarketVolume": 1729759.0, "regularMarketChangePercent": 0.8485027594634468}, "PFE": {"currentPrice": 28.010299682617188, "regularMarketVolume": 9839746.0, "regularMarketChangePercent": 0.901655085272431}, "PRDSY": {"currentPrice": NaN, "regularMarketVolume": NaN, "regularMarketChangePercent": NaN}, "SHEL": {"currentPrice": 73.26000213623047, "regularMarketVolume": 2680409.0, "regularMarketChangePercent": -0.9196649752813403}, "SSNLF": {"currentPrice": NaN, "regularMarketVolume": NaN, "regularMarketChangePercent": NaN}, "TM": {"currentPrice": 205.99000549316406, "regularMarketVolume": 124593.0, "regularMarketChangePercent": -0.14542042887783435}, "TSLA": {"currentPrice": 249.65499877929688, "regularMarketVolume": 118208268.0, "regularMarketChangePercent": -0.1260160978789325}, "UNH": {"currentPrice": 488.1449890136719, "regularMarketVolume": 1712344.0, "regularMarketChangePercent": -0.17484887245973926}, "V": {"currentPrice": 270.0299987792969, "regularMarketVolume": 3272835.0, "regularMarketChangePercent": 0.38289917445980487}, "VZ": {"currentPrice": 41.249000549316406, "regularMarketVolume": 11053174.0, "regularMarketChangePercent": 0.19189308691950718}, "WMT": {"currentPrice": 69.81790161132812, "regularMarketVolume": 6899480.0, "regularMarketChangePercent": 2.4323618840126136}, "XOM": {"currentPrice": 112.98500061035156, "regularMarketVolume": 6237893.0, "regularMarketChangePercent": -1.417851837837989}}